Codon	Time
AAA	0.14788
AAC	0.14034
AAG	0.12458
AAT	0.15498
ACA	0.15344
ACC	0.12808
ACG	0.13043
ACT	0.15349
AGA	0.14815
AGC	0.13401
AGG	0.14382
AGT	0.15579
ATA	0.16686
ATC	0.12393
ATG	0.14733
ATT	0.13501
CAA	0.17789
CAC	0.14571
CAG	0.13826
CAT	0.16813
CCA	0.15097
CCC	0.11139
CCG	0.10966
CCT	0.14516
CGA	0.15941
CGC	0.08957
CGG	0.10514
CGT	0.12995
CTA	0.15401
CTC	0.13435
CTG	0.13518
CTT	0.16164
GAA	0.16382
GAC	0.14829
GAG	0.13094
GAT	0.16581
GCA	0.15615
GCC	0.1045
GCG	0.08279
GCT	0.13372
GGA	0.15957
GGC	0.09991
GGG	0.11195
GGT	0.12311
GTA	0.14702
GTC	0.13617
GTG	0.12615
GTT	0.14843
TAC	0.15038
TAT	0.15317
TCA	0.16693
TCC	0.13484
TCG	0.1222
TCT	0.15756
TGC	0.13681
TGG	0.15278
TGT	0.16268
TTA	0.17189
TTC	0.14625
TTG	0.16597
TTT	0.15944